week,site,topic_type,target_keyword,suggested_url,brief
1,"K1 Download Desk","guide","k1 game download android pakistan android setup","/guides/k1-game-download-android-pakistan-android-setup/","Write a unique download article with original screenshots, local examples, FAQ, and internal links. Do not reuse the same article structure across domains."
2,"K1 Download Desk","guide","k1 game apk not installing new user guide","/guides/k1-game-apk-not-installing-new-user-guide/","Write a unique download article with original screenshots, local examples, FAQ, and internal links. Do not reuse the same article structure across domains."
3,"K1 Download Desk","comparison","k1 game latest apk file size Pakistan mobile users","/guides/k1-game-latest-apk-file-size-pakistan-mobile-users/","Write a unique download article with original screenshots, local examples, FAQ, and internal links. Do not reuse the same article structure across domains."
4,"K1 Download Desk","faq","k1 game apk safe source common mistake","/guides/k1-game-apk-safe-source-common-mistake/","Write a unique download article with original screenshots, local examples, FAQ, and internal links. Do not reuse the same article structure across domains."
5,"K1 Download Desk","refresh","k1 game unknown source warning safe checklist","/guides/k1-game-unknown-source-warning-safe-checklist/","Write a unique download article with original screenshots, local examples, FAQ, and internal links. Do not reuse the same article structure across domains."
6,"K1 Download Desk","comparison","k1 game download not starting step by step","/guides/k1-game-download-not-starting-step-by-step/","Write a unique download article with original screenshots, local examples, FAQ, and internal links. Do not reuse the same article structure across domains."
7,"K1 Download Desk","guide","k1 game update required FAQ update","/guides/k1-game-update-required-faq-update/","Write a unique download article with original screenshots, local examples, FAQ, and internal links. Do not reuse the same article structure across domains."
8,"K1 Download Desk","faq","k1 game android compatibility weekly review","/guides/k1-game-android-compatibility-weekly-review/","Write a unique download article with original screenshots, local examples, FAQ, and internal links. Do not reuse the same article structure across domains."
9,"K1 Download Desk","comparison","k1 game apk mirror risk comparison notes","/guides/k1-game-apk-mirror-risk-comparison-notes/","Write a unique download article with original screenshots, local examples, FAQ, and internal links. Do not reuse the same article structure across domains."
10,"K1 Download Desk","refresh","k1 game download vs login support evidence","/guides/k1-game-download-vs-login-support-evidence/","Write a unique download article with original screenshots, local examples, FAQ, and internal links. Do not reuse the same article structure across domains."
11,"K1 Download Desk","guide","k1 game first install guide device compatibility","/guides/k1-game-first-install-guide-device-compatibility/","Write a unique download article with original screenshots, local examples, FAQ, and internal links. Do not reuse the same article structure across domains."
12,"K1 Download Desk","faq","k1 game download review error fix","/guides/k1-game-download-review-error-fix/","Write a unique download article with original screenshots, local examples, FAQ, and internal links. Do not reuse the same article structure across domains."
13,"K1 Download Desk","guide","k1 game download android pakistan June update","/guides/k1-game-download-android-pakistan-june-update/","Write a unique download article with original screenshots, local examples, FAQ, and internal links. Do not reuse the same article structure across domains."
14,"K1 Download Desk","guide","k1 game apk not installing July update","/guides/k1-game-apk-not-installing-july-update/","Write a unique download article with original screenshots, local examples, FAQ, and internal links. Do not reuse the same article structure across domains."
15,"K1 Download Desk","refresh","k1 game latest apk file size 2026 refresh","/guides/k1-game-latest-apk-file-size-2026-refresh/","Write a unique download article with original screenshots, local examples, FAQ, and internal links. Do not reuse the same article structure across domains."
16,"K1 Download Desk","faq","k1 game apk safe source android setup","/guides/k1-game-apk-safe-source-android-setup/","Write a unique download article with original screenshots, local examples, FAQ, and internal links. Do not reuse the same article structure across domains."
17,"K1 Download Desk","guide","k1 game unknown source warning new user guide","/guides/k1-game-unknown-source-warning-new-user-guide/","Write a unique download article with original screenshots, local examples, FAQ, and internal links. Do not reuse the same article structure across domains."
18,"K1 Download Desk","comparison","k1 game download not starting Pakistan mobile users","/guides/k1-game-download-not-starting-pakistan-mobile-users/","Write a unique download article with original screenshots, local examples, FAQ, and internal links. Do not reuse the same article structure across domains."
19,"K1 Download Desk","guide","k1 game update required common mistake","/guides/k1-game-update-required-common-mistake/","Write a unique download article with original screenshots, local examples, FAQ, and internal links. Do not reuse the same article structure across domains."
20,"K1 Download Desk","refresh","k1 game android compatibility safe checklist","/guides/k1-game-android-compatibility-safe-checklist/","Write a unique download article with original screenshots, local examples, FAQ, and internal links. Do not reuse the same article structure across domains."
21,"K1 Download Desk","comparison","k1 game apk mirror risk step by step","/guides/k1-game-apk-mirror-risk-step-by-step/","Write a unique download article with original screenshots, local examples, FAQ, and internal links. Do not reuse the same article structure across domains."
22,"K1 Download Desk","guide","k1 game download vs login FAQ update","/guides/k1-game-download-vs-login-faq-update/","Write a unique download article with original screenshots, local examples, FAQ, and internal links. Do not reuse the same article structure across domains."
23,"K1 Download Desk","guide","k1 game first install guide weekly review","/guides/k1-game-first-install-guide-weekly-review/","Write a unique download article with original screenshots, local examples, FAQ, and internal links. Do not reuse the same article structure across domains."
24,"K1 Download Desk","faq","k1 game download review comparison notes","/guides/k1-game-download-review-comparison-notes/","Write a unique download article with original screenshots, local examples, FAQ, and internal links. Do not reuse the same article structure across domains."
25,"K1 Download Desk","refresh","k1 game download android pakistan support evidence","/guides/k1-game-download-android-pakistan-support-evidence/","Write a unique download article with original screenshots, local examples, FAQ, and internal links. Do not reuse the same article structure across domains."
26,"K1 Download Desk","guide","k1 game apk not installing device compatibility","/guides/k1-game-apk-not-installing-device-compatibility/","Write a unique download article with original screenshots, local examples, FAQ, and internal links. Do not reuse the same article structure across domains."
27,"K1 Download Desk","comparison","k1 game latest apk file size error fix","/guides/k1-game-latest-apk-file-size-error-fix/","Write a unique download article with original screenshots, local examples, FAQ, and internal links. Do not reuse the same article structure across domains."
28,"K1 Download Desk","faq","k1 game apk safe source June update","/guides/k1-game-apk-safe-source-june-update/","Write a unique download article with original screenshots, local examples, FAQ, and internal links. Do not reuse the same article structure across domains."
29,"K1 Download Desk","guide","k1 game unknown source warning July update","/guides/k1-game-unknown-source-warning-july-update/","Write a unique download article with original screenshots, local examples, FAQ, and internal links. Do not reuse the same article structure across domains."
30,"K1 Download Desk","refresh","k1 game download not starting 2026 refresh","/guides/k1-game-download-not-starting-2026-refresh/","Write a unique download article with original screenshots, local examples, FAQ, and internal links. Do not reuse the same article structure across domains."
31,"K1 Download Desk","guide","k1 game update required android setup","/guides/k1-game-update-required-android-setup/","Write a unique download article with original screenshots, local examples, FAQ, and internal links. Do not reuse the same article structure across domains."
32,"K1 Download Desk","faq","k1 game android compatibility new user guide","/guides/k1-game-android-compatibility-new-user-guide/","Write a unique download article with original screenshots, local examples, FAQ, and internal links. Do not reuse the same article structure across domains."
33,"K1 Download Desk","comparison","k1 game apk mirror risk Pakistan mobile users","/guides/k1-game-apk-mirror-risk-pakistan-mobile-users/","Write a unique download article with original screenshots, local examples, FAQ, and internal links. Do not reuse the same article structure across domains."
34,"K1 Download Desk","guide","k1 game download vs login common mistake","/guides/k1-game-download-vs-login-common-mistake/","Write a unique download article with original screenshots, local examples, FAQ, and internal links. Do not reuse the same article structure across domains."
35,"K1 Download Desk","refresh","k1 game first install guide safe checklist","/guides/k1-game-first-install-guide-safe-checklist/","Write a unique download article with original screenshots, local examples, FAQ, and internal links. Do not reuse the same article structure across domains."
36,"K1 Download Desk","faq","k1 game download review step by step","/guides/k1-game-download-review-step-by-step/","Write a unique download article with original screenshots, local examples, FAQ, and internal links. Do not reuse the same article structure across domains."
37,"K1 Download Desk","guide","k1 game download android pakistan FAQ update","/guides/k1-game-download-android-pakistan-faq-update/","Write a unique download article with original screenshots, local examples, FAQ, and internal links. Do not reuse the same article structure across domains."
38,"K1 Download Desk","guide","k1 game apk not installing weekly review","/guides/k1-game-apk-not-installing-weekly-review/","Write a unique download article with original screenshots, local examples, FAQ, and internal links. Do not reuse the same article structure across domains."
39,"K1 Download Desk","comparison","k1 game latest apk file size comparison notes","/guides/k1-game-latest-apk-file-size-comparison-notes/","Write a unique download article with original screenshots, local examples, FAQ, and internal links. Do not reuse the same article structure across domains."
40,"K1 Download Desk","refresh","k1 game apk safe source support evidence","/guides/k1-game-apk-safe-source-support-evidence/","Write a unique download article with original screenshots, local examples, FAQ, and internal links. Do not reuse the same article structure across domains."
41,"K1 Download Desk","guide","k1 game unknown source warning device compatibility","/guides/k1-game-unknown-source-warning-device-compatibility/","Write a unique download article with original screenshots, local examples, FAQ, and internal links. Do not reuse the same article structure across domains."
42,"K1 Download Desk","comparison","k1 game download not starting error fix","/guides/k1-game-download-not-starting-error-fix/","Write a unique download article with original screenshots, local examples, FAQ, and internal links. Do not reuse the same article structure across domains."
43,"K1 Download Desk","guide","k1 game update required June update","/guides/k1-game-update-required-june-update/","Write a unique download article with original screenshots, local examples, FAQ, and internal links. Do not reuse the same article structure across domains."
44,"K1 Download Desk","faq","k1 game android compatibility July update","/guides/k1-game-android-compatibility-july-update/","Write a unique download article with original screenshots, local examples, FAQ, and internal links. Do not reuse the same article structure across domains."
45,"K1 Download Desk","refresh","k1 game apk mirror risk 2026 refresh","/guides/k1-game-apk-mirror-risk-2026-refresh/","Write a unique download article with original screenshots, local examples, FAQ, and internal links. Do not reuse the same article structure across domains."
46,"K1 Download Desk","guide","k1 game download vs login android setup","/guides/k1-game-download-vs-login-android-setup/","Write a unique download article with original screenshots, local examples, FAQ, and internal links. Do not reuse the same article structure across domains."
47,"K1 Download Desk","guide","k1 game first install guide new user guide","/guides/k1-game-first-install-guide-new-user-guide/","Write a unique download article with original screenshots, local examples, FAQ, and internal links. Do not reuse the same article structure across domains."
48,"K1 Download Desk","faq","k1 game download review Pakistan mobile users","/guides/k1-game-download-review-pakistan-mobile-users/","Write a unique download article with original screenshots, local examples, FAQ, and internal links. Do not reuse the same article structure across domains."
49,"K1 Download Desk","guide","k1 game download android pakistan common mistake","/guides/k1-game-download-android-pakistan-common-mistake/","Write a unique download article with original screenshots, local examples, FAQ, and internal links. Do not reuse the same article structure across domains."
50,"K1 Download Desk","refresh","k1 game apk not installing safe checklist","/guides/k1-game-apk-not-installing-safe-checklist/","Write a unique download article with original screenshots, local examples, FAQ, and internal links. Do not reuse the same article structure across domains."
51,"K1 Download Desk","comparison","k1 game latest apk file size step by step","/guides/k1-game-latest-apk-file-size-step-by-step/","Write a unique download article with original screenshots, local examples, FAQ, and internal links. Do not reuse the same article structure across domains."
52,"K1 Download Desk","faq","k1 game apk safe source FAQ update","/guides/k1-game-apk-safe-source-faq-update/","Write a unique download article with original screenshots, local examples, FAQ, and internal links. Do not reuse the same article structure across domains."
