week,site,content_type,target_keyword,url,action
1,"K1 Download Desk","download","k1 game download android pakistan","/guides/k1-game-download-android-pakistan/","Publish or improve: K1 Game Download for Android in Pakistan"
1,"K1 Download Desk","troubleshooting","k1 game apk not installing","/guides/k1-game-apk-not-installing/","Publish or improve: K1 Game APK Not Installing: Fixes and Checks"
1,"K1 Download Desk","version","k1 game latest apk file size","/guides/k1-game-latest-apk-file-size/","Publish or improve: K1 Game Latest APK File Size and Version Checks"
2,"K1 Download Desk","safety","k1 game apk safe source","/guides/safe-source-checklist/","Publish or improve: Safe Source Checklist Before Installing K1 Game"
2,"K1 Download Desk","tutorial","k1 game unknown source warning","/guides/android-unknown-source-warning/","Publish or improve: Android Unknown Source Warning for K1 Game APK"
2,"K1 Download Desk","troubleshooting","k1 game download not starting","/guides/download-not-starting/","Publish or improve: K1 Game Download Not Starting: Browser and Network Fixes"
3,"K1 Download Desk","update","k1 game update required","/guides/apk-update-required/","Publish or improve: K1 Game APK Update Required Message Explained"
3,"K1 Download Desk","device","k1 game android compatibility","/guides/old-phone-compatibility/","Publish or improve: K1 Game APK Compatibility on Older Android Phones"
3,"K1 Download Desk","risk","k1 game apk mirror risk","/guides/apk-mirror-risk/","Publish or improve: K1 Game APK Mirror Risk and Safer Checks"
4,"K1 Download Desk","comparison","k1 game download vs login","/guides/download-vs-login/","Publish or improve: K1 Game Download vs Login: Which Page Do You Need?"
4,"K1 Download Desk","tutorial","k1 game first install guide","/guides/first-install-guide/","Publish or improve: First-Time K1 Game Install Guide"
4,"K1 Download Desk","freshness","k1 game download review","/guides/weekly-download-review/","Publish or improve: Weekly K1 Game Download Review Log"
5,"K1 Download Desk","refresh","k1 game download","/","Review GSC impressions, rewrite title, add FAQ, update internal links"
6,"K1 Download Desk","refresh","k1 game download","/","Review GSC impressions, rewrite title, add FAQ, update internal links"
7,"K1 Download Desk","refresh","k1 game download","/","Review GSC impressions, rewrite title, add FAQ, update internal links"
8,"K1 Download Desk","refresh","k1 game download","/","Review GSC impressions, rewrite title, add FAQ, update internal links"
9,"K1 Download Desk","browser-fix","k1 game apk chrome download blocked","/guides/chrome-download-blocked/","Publish or improve: K1 Game APK Chrome Download Blocked on Android"
"2026-06-13","published","k1 game apk download Pakistan","/guides/apk-download-checklist-pakistan/","second content expansion","new long-tail page with FAQ, internal links, GA and sitemap entry"
"2026-06-13","published","k1 game download without play store","/guides/download-without-play-store/","third content expansion","new long-tail page with K1 public evidence, FAQ, schema and internal links"
"2026-06-16","published","k1 game apk permissions before install","/guides/apk-permissions-before-install/","daily content sprint","new intent-specific page with FAQ, internal links, sitemap and feed entry"
2026-06-16,k1pakistan.com,K1 Download Desk,"k1 game apk download slow",/guides/apk-download-slow-fix/,fourth ranking cluster
2026-06-16,k1pakistan.com,K1 Download Desk,"k1 game download failed",/guides/download-failed-android/,fifth problem keyword cluster
2026-06-16,k1pakistan.com,K1 Download Desk,"k1 game apk file size changed",/guides/apk-file-size-changed/,sixth scale cluster
2026-06-16,k1pakistan.com,K1 Download Desk,"k1 game download restarts on android",/guides/download-restarts-on-android/,sixth scale cluster
2026-06-16,k1pakistan.com,K1 Download Desk,"k1 game safe source vs fast download",/guides/apk-safe-source-vs-fast-download/,sixth scale cluster
2026-06-17,k1pakistan.com,K1 Download Desk,"k1 game apk low storage phone",/guides/apk-low-storage-phone/,next content sprint
7,"K1 Download Desk","troubleshooting","k1 game apk package parse error","/guides/apk-package-parse-error/","Publish or improve: K1 Game APK Package Parse Error: Android Fix Checklist"
7,"K1 Download Desk","download","k1 game apk download without play store","/guides/apk-download-without-play-store/","Publish or improve: K1 Game APK Download Without Play Store: Safety Route"
8,"K1 Download Desk","download hub","k1 game apk troubleshooting","/guides/android-apk-troubleshooting/","Publish or improve: K1 Game APK Troubleshooting Hub for Pakistan Android Users"
2026-06-18,k1pakistan.com,K1 Download Desk,"k1 game apk split file install",/guides/apk-split-file-install/,next content sprint
